{"cameraMode":{"drawMode":0,"name":"Shaded","section":"Shading Mode"},"sceneLighting":false,"audioPlay":false,"sceneViewState":{"showFog":true,"showMaterialUpdate":false,"showSkybox":false,"showFlares":true,"showImageEffects":true,"showParticleSystems":true},"in2DMode":false,"pivot":{"x":2.1196770668029787,"y":11.819999694824219,"z":3.0199999809265138},"rotation":{"x":0.13196974992752076,"y":-0.6459282636642456,"z":0.11480603367090225,"w":0.7431885004043579},"size":0.4330126941204071,"orthographic":false}